date,fpi_equity_net_cr,fpi_equity_net_usd_mn,fpi_total_net_cr,unit,source,source_url,fetched_at
2026-01-01,-4568.72,-508.09,-2166.74,INR_crore (USD mn for *_usd_mn),NSDL_FPI_archive,https://www.fpi.nsdl.co.in/web/Reports/Archive.aspx,2026-07-21T02:14:18
2026-01-02,-3039.52,-337.81,-3182.21,INR_crore (USD mn for *_usd_mn),NSDL_FPI_archive,https://www.fpi.nsdl.co.in/web/Reports/Archive.aspx,2026-07-21T02:14:19
2026-01-05,646.8,71.77,2989.36,INR_crore (USD mn for *_usd_mn),NSDL_FPI_archive,https://www.fpi.nsdl.co.in/web/Reports/Archive.aspx,2026-07-21T02:14:19
2026-01-06,737.37,81.68,123.25,INR_crore (USD mn for *_usd_mn),NSDL_FPI_archive,https://www.fpi.nsdl.co.in/web/Reports/Archive.aspx,2026-07-21T02:14:20
2026-01-07,-16.44,-1.82,-904.49,INR_crore (USD mn for *_usd_mn),NSDL_FPI_archive,https://www.fpi.nsdl.co.in/web/Reports/Archive.aspx,2026-07-21T02:14:21
2026-01-08,-1839.01,-204.46,229.47,INR_crore (USD mn for *_usd_mn),NSDL_FPI_archive,https://www.fpi.nsdl.co.in/web/Reports/Archive.aspx,2026-07-21T02:14:22
2026-01-09,-3709.81,-412.69,-4351.61,INR_crore (USD mn for *_usd_mn),NSDL_FPI_archive,https://www.fpi.nsdl.co.in/web/Reports/Archive.aspx,2026-07-21T02:14:23
2026-01-12,-3686.99,-409.03,-3323.47,INR_crore (USD mn for *_usd_mn),NSDL_FPI_archive,https://www.fpi.nsdl.co.in/web/Reports/Archive.aspx,2026-07-21T02:14:24
2026-01-13,-3108.35,-344.65,-1407.3,INR_crore (USD mn for *_usd_mn),NSDL_FPI_archive,https://www.fpi.nsdl.co.in/web/Reports/Archive.aspx,2026-07-21T02:14:25
2026-01-14,-429.85,-47.61,-4491.06,INR_crore (USD mn for *_usd_mn),NSDL_FPI_archive,https://www.fpi.nsdl.co.in/web/Reports/Archive.aspx,2026-07-21T02:14:26
2026-01-16,-3515.33,-389.72,-3613.49,INR_crore (USD mn for *_usd_mn),NSDL_FPI_archive,https://www.fpi.nsdl.co.in/web/Reports/Archive.aspx,2026-07-21T02:14:27
2026-01-19,-4542.94,-501.16,-4794.45,INR_crore (USD mn for *_usd_mn),NSDL_FPI_archive,https://www.fpi.nsdl.co.in/web/Reports/Archive.aspx,2026-07-21T02:14:28
2026-01-20,-2062.07,-226.68,479.52,INR_crore (USD mn for *_usd_mn),NSDL_FPI_archive,https://www.fpi.nsdl.co.in/web/Reports/Archive.aspx,2026-07-21T02:14:29
2026-01-21,-1210.45,-132.96,-792.1,INR_crore (USD mn for *_usd_mn),NSDL_FPI_archive,https://www.fpi.nsdl.co.in/web/Reports/Archive.aspx,2026-07-21T02:14:30
2026-01-22,-988.7,-107.99,-1561.41,INR_crore (USD mn for *_usd_mn),NSDL_FPI_archive,https://www.fpi.nsdl.co.in/web/Reports/Archive.aspx,2026-07-21T02:14:31
2026-01-23,-2264.18,-247.23,-856.2,INR_crore (USD mn for *_usd_mn),NSDL_FPI_archive,https://www.fpi.nsdl.co.in/web/Reports/Archive.aspx,2026-07-21T02:14:32
2026-01-27,-3213.11,-350.7,-2296.72,INR_crore (USD mn for *_usd_mn),NSDL_FPI_archive,https://www.fpi.nsdl.co.in/web/Reports/Archive.aspx,2026-07-21T02:14:33
2026-01-28,-4468.52,-486.64,-6068.94,INR_crore (USD mn for *_usd_mn),NSDL_FPI_archive,https://www.fpi.nsdl.co.in/web/Reports/Archive.aspx,2026-07-21T02:14:35
2026-01-29,5390.31,587.85,4327.86,INR_crore (USD mn for *_usd_mn),NSDL_FPI_archive,https://www.fpi.nsdl.co.in/web/Reports/Archive.aspx,2026-07-21T02:14:36
2026-01-30,-72.29,-7.86,2420.47,INR_crore (USD mn for *_usd_mn),NSDL_FPI_archive,https://www.fpi.nsdl.co.in/web/Reports/Archive.aspx,2026-07-21T02:14:37
2026-02-02,1905.75,207.38,5396.44,INR_crore (USD mn for *_usd_mn),NSDL_FPI_archive,https://www.fpi.nsdl.co.in/web/Reports/Archive.aspx,2026-07-21T02:14:38
2026-02-03,-1117.42,-121.93,-496.89,INR_crore (USD mn for *_usd_mn),NSDL_FPI_archive,https://www.fpi.nsdl.co.in/web/Reports/Archive.aspx,2026-07-21T02:14:39
2026-02-04,7561.44,835.98,6731.93,INR_crore (USD mn for *_usd_mn),NSDL_FPI_archive,https://www.fpi.nsdl.co.in/web/Reports/Archive.aspx,2026-07-21T02:14:39
2026-02-05,1091.9,120.7,3947.49,INR_crore (USD mn for *_usd_mn),NSDL_FPI_archive,https://www.fpi.nsdl.co.in/web/Reports/Archive.aspx,2026-07-21T02:14:40
2026-02-06,-1312.79,-145.23,-30.69,INR_crore (USD mn for *_usd_mn),NSDL_FPI_archive,https://www.fpi.nsdl.co.in/web/Reports/Archive.aspx,2026-07-21T02:14:41
2026-02-09,3511.64,388.39,3094.88,INR_crore (USD mn for *_usd_mn),NSDL_FPI_archive,https://www.fpi.nsdl.co.in/web/Reports/Archive.aspx,2026-07-21T02:14:42
2026-02-10,3697.55,409.02,4069.09,INR_crore (USD mn for *_usd_mn),NSDL_FPI_archive,https://www.fpi.nsdl.co.in/web/Reports/Archive.aspx,2026-07-21T02:14:43
2026-02-11,320.31,35.36,1473.68,INR_crore (USD mn for *_usd_mn),NSDL_FPI_archive,https://www.fpi.nsdl.co.in/web/Reports/Archive.aspx,2026-07-21T02:14:44
2026-02-12,3112.85,343.71,3113.09,INR_crore (USD mn for *_usd_mn),NSDL_FPI_archive,https://www.fpi.nsdl.co.in/web/Reports/Archive.aspx,2026-07-21T02:14:45
2026-02-13,903.46,99.72,2408.18,INR_crore (USD mn for *_usd_mn),NSDL_FPI_archive,https://www.fpi.nsdl.co.in/web/Reports/Archive.aspx,2026-07-21T02:14:46
2026-02-16,-6092.61,-671.43,-4130.26,INR_crore (USD mn for *_usd_mn),NSDL_FPI_archive,https://www.fpi.nsdl.co.in/web/Reports/Archive.aspx,2026-07-21T02:14:47
2026-02-17,-214.38,-23.63,1032.49,INR_crore (USD mn for *_usd_mn),NSDL_FPI_archive,https://www.fpi.nsdl.co.in/web/Reports/Archive.aspx,2026-07-21T02:14:47
2026-02-18,1620.09,178.48,2642.28,INR_crore (USD mn for *_usd_mn),NSDL_FPI_archive,https://www.fpi.nsdl.co.in/web/Reports/Archive.aspx,2026-07-21T02:14:48
2026-02-20,1923.76,212.18,2490.34,INR_crore (USD mn for *_usd_mn),NSDL_FPI_archive,https://www.fpi.nsdl.co.in/web/Reports/Archive.aspx,2026-07-21T02:14:51
2026-02-23,-244.93,-26.93,650.26,INR_crore (USD mn for *_usd_mn),NSDL_FPI_archive,https://www.fpi.nsdl.co.in/web/Reports/Archive.aspx,2026-07-21T02:14:52
2026-02-24,4397.25,484.57,4180.21,INR_crore (USD mn for *_usd_mn),NSDL_FPI_archive,https://www.fpi.nsdl.co.in/web/Reports/Archive.aspx,2026-07-21T02:14:53
2026-02-25,2887.62,317.44,1917.22,INR_crore (USD mn for *_usd_mn),NSDL_FPI_archive,https://www.fpi.nsdl.co.in/web/Reports/Archive.aspx,2026-07-21T02:14:54
2026-02-26,1092.59,120.13,2093.08,INR_crore (USD mn for *_usd_mn),NSDL_FPI_archive,https://www.fpi.nsdl.co.in/web/Reports/Archive.aspx,2026-07-21T02:14:55
2026-02-27,-2429.16,-267.21,-2778.36,INR_crore (USD mn for *_usd_mn),NSDL_FPI_archive,https://www.fpi.nsdl.co.in/web/Reports/Archive.aspx,2026-07-21T02:14:56
2026-03-02,-5467.47,-601.12,-4593.97,INR_crore (USD mn for *_usd_mn),NSDL_FPI_archive,https://www.fpi.nsdl.co.in/web/Reports/Archive.aspx,2026-07-21T02:14:57
2026-03-04,-2988.65,-326.8,-1920.89,INR_crore (USD mn for *_usd_mn),NSDL_FPI_archive,https://www.fpi.nsdl.co.in/web/Reports/Archive.aspx,2026-07-21T02:14:58
2026-03-05,-9113.42,-987.56,-11141.74,INR_crore (USD mn for *_usd_mn),NSDL_FPI_archive,https://www.fpi.nsdl.co.in/web/Reports/Archive.aspx,2026-07-21T02:14:59
2026-03-06,-3430.25,-374.37,-3162.11,INR_crore (USD mn for *_usd_mn),NSDL_FPI_archive,https://www.fpi.nsdl.co.in/web/Reports/Archive.aspx,2026-07-21T02:15:00
2026-03-09,-6349.1,-692.51,-7609.01,INR_crore (USD mn for *_usd_mn),NSDL_FPI_archive,https://www.fpi.nsdl.co.in/web/Reports/Archive.aspx,2026-07-21T02:15:01
2026-03-10,-6567.96,-711.87,-7960.37,INR_crore (USD mn for *_usd_mn),NSDL_FPI_archive,https://www.fpi.nsdl.co.in/web/Reports/Archive.aspx,2026-07-21T02:15:01
2026-03-11,-5499.83,-597.69,-7983.88,INR_crore (USD mn for *_usd_mn),NSDL_FPI_archive,https://www.fpi.nsdl.co.in/web/Reports/Archive.aspx,2026-07-21T02:15:02
2026-03-12,-5911.9,-643.12,-8405.83,INR_crore (USD mn for *_usd_mn),NSDL_FPI_archive,https://www.fpi.nsdl.co.in/web/Reports/Archive.aspx,2026-07-21T02:15:03
2026-03-13,-7375.05,-798.57,-7491.51,INR_crore (USD mn for *_usd_mn),NSDL_FPI_archive,https://www.fpi.nsdl.co.in/web/Reports/Archive.aspx,2026-07-21T02:15:05
2026-03-16,-10827.45,-1171.29,-12462.74,INR_crore (USD mn for *_usd_mn),NSDL_FPI_archive,https://www.fpi.nsdl.co.in/web/Reports/Archive.aspx,2026-07-21T02:15:06
2026-03-17,-9406.78,-1018.09,-10018.31,INR_crore (USD mn for *_usd_mn),NSDL_FPI_archive,https://www.fpi.nsdl.co.in/web/Reports/Archive.aspx,2026-07-21T02:15:07
2026-03-18,-4276.02,-462.48,-7801.3,INR_crore (USD mn for *_usd_mn),NSDL_FPI_archive,https://www.fpi.nsdl.co.in/web/Reports/Archive.aspx,2026-07-21T02:15:08
2026-03-20,-10965.74,-1186.11,-13415.18,INR_crore (USD mn for *_usd_mn),NSDL_FPI_archive,https://www.fpi.nsdl.co.in/web/Reports/Archive.aspx,2026-07-21T02:15:10
2026-03-23,-5549.89,-594.54,-5055.65,INR_crore (USD mn for *_usd_mn),NSDL_FPI_archive,https://www.fpi.nsdl.co.in/web/Reports/Archive.aspx,2026-07-21T02:15:11
2026-03-24,-11299.42,-1203.37,-6042.18,INR_crore (USD mn for *_usd_mn),NSDL_FPI_archive,https://www.fpi.nsdl.co.in/web/Reports/Archive.aspx,2026-07-21T02:15:12
2026-03-25,-7215.38,-768.58,-8623.6,INR_crore (USD mn for *_usd_mn),NSDL_FPI_archive,https://www.fpi.nsdl.co.in/web/Reports/Archive.aspx,2026-07-21T02:15:13
2026-03-27,-1565.63,-166.62,662.88,INR_crore (USD mn for *_usd_mn),NSDL_FPI_archive,https://www.fpi.nsdl.co.in/web/Reports/Archive.aspx,2026-07-21T02:15:14
2026-03-30,-3964.71,-419.11,-2711.01,INR_crore (USD mn for *_usd_mn),NSDL_FPI_archive,https://www.fpi.nsdl.co.in/web/Reports/Archive.aspx,2026-07-21T02:15:16
2026-04-02,-19837.23,-2095.76,-22032.73,INR_crore (USD mn for *_usd_mn),NSDL_FPI_archive,https://www.fpi.nsdl.co.in/web/Reports/Archive.aspx,2026-07-21T02:15:17
2026-04-06,-9469.61,-1015.96,-14871.41,INR_crore (USD mn for *_usd_mn),NSDL_FPI_archive,https://www.fpi.nsdl.co.in/web/Reports/Archive.aspx,2026-07-21T02:15:18
2026-04-07,-8636.75,-928.09,-13361.89,INR_crore (USD mn for *_usd_mn),NSDL_FPI_archive,https://www.fpi.nsdl.co.in/web/Reports/Archive.aspx,2026-07-21T02:15:18
2026-04-08,-6809.74,-732.52,-6973.94,INR_crore (USD mn for *_usd_mn),NSDL_FPI_archive,https://www.fpi.nsdl.co.in/web/Reports/Archive.aspx,2026-07-21T02:15:19
2026-04-09,-1395.55,-150.77,-1666.59,INR_crore (USD mn for *_usd_mn),NSDL_FPI_archive,https://www.fpi.nsdl.co.in/web/Reports/Archive.aspx,2026-07-21T02:15:20
2026-04-10,-2064.21,-222.65,-3316.71,INR_crore (USD mn for *_usd_mn),NSDL_FPI_archive,https://www.fpi.nsdl.co.in/web/Reports/Archive.aspx,2026-07-21T02:15:21
2026-04-13,1509.37,162.91,691.49,INR_crore (USD mn for *_usd_mn),NSDL_FPI_archive,https://www.fpi.nsdl.co.in/web/Reports/Archive.aspx,2026-07-21T02:15:22
2026-04-15,-1435.44,-153.74,-1970.65,INR_crore (USD mn for *_usd_mn),NSDL_FPI_archive,https://www.fpi.nsdl.co.in/web/Reports/Archive.aspx,2026-07-21T02:15:23
2026-04-16,3098.97,331.84,2335.8,INR_crore (USD mn for *_usd_mn),NSDL_FPI_archive,https://www.fpi.nsdl.co.in/web/Reports/Archive.aspx,2026-07-21T02:15:24
2026-04-17,1621.38,173.71,2660.8,INR_crore (USD mn for *_usd_mn),NSDL_FPI_archive,https://www.fpi.nsdl.co.in/web/Reports/Archive.aspx,2026-07-21T02:15:25
2026-04-20,2068.84,223.12,18.14,INR_crore (USD mn for *_usd_mn),NSDL_FPI_archive,https://www.fpi.nsdl.co.in/web/Reports/Archive.aspx,2026-07-21T02:15:26
2026-04-21,507.38,54.52,396.55,INR_crore (USD mn for *_usd_mn),NSDL_FPI_archive,https://www.fpi.nsdl.co.in/web/Reports/Archive.aspx,2026-07-21T02:15:27
2026-04-22,595.21,63.7,1164.74,INR_crore (USD mn for *_usd_mn),NSDL_FPI_archive,https://www.fpi.nsdl.co.in/web/Reports/Archive.aspx,2026-07-21T02:15:28
2026-04-23,-1249.9,-133.2,330.29,INR_crore (USD mn for *_usd_mn),NSDL_FPI_archive,https://www.fpi.nsdl.co.in/web/Reports/Archive.aspx,2026-07-21T02:15:29
2026-04-24,-2469.67,-262.51,-344.28,INR_crore (USD mn for *_usd_mn),NSDL_FPI_archive,https://www.fpi.nsdl.co.in/web/Reports/Archive.aspx,2026-07-21T02:15:30
2026-04-27,-8721.65,-924.92,-8800.14,INR_crore (USD mn for *_usd_mn),NSDL_FPI_archive,https://www.fpi.nsdl.co.in/web/Reports/Archive.aspx,2026-07-21T02:15:32
2026-04-28,-4188.34,-444.54,-3811.46,INR_crore (USD mn for *_usd_mn),NSDL_FPI_archive,https://www.fpi.nsdl.co.in/web/Reports/Archive.aspx,2026-07-21T02:15:33
2026-04-29,-1991.87,-210.74,-1112.37,INR_crore (USD mn for *_usd_mn),NSDL_FPI_archive,https://www.fpi.nsdl.co.in/web/Reports/Archive.aspx,2026-07-21T02:15:34
2026-04-30,-1978.63,-208.74,-220.62,INR_crore (USD mn for *_usd_mn),NSDL_FPI_archive,https://www.fpi.nsdl.co.in/web/Reports/Archive.aspx,2026-07-21T02:20:54
2026-05-04,-8024.14,-842.51,-6666.47,INR_crore (USD mn for *_usd_mn),NSDL_FPI_archive,https://www.fpi.nsdl.co.in/web/Reports/Archive.aspx,2026-07-21T02:20:55
2026-05-05,2972.46,313.08,2907.82,INR_crore (USD mn for *_usd_mn),NSDL_FPI_archive,https://www.fpi.nsdl.co.in/web/Reports/Archive.aspx,2026-07-21T02:20:55
2026-05-06,-3419.48,-358.58,-4091.36,INR_crore (USD mn for *_usd_mn),NSDL_FPI_archive,https://www.fpi.nsdl.co.in/web/Reports/Archive.aspx,2026-07-21T02:17:58
2026-05-07,-5740.26,-603.19,-2410.14,INR_crore (USD mn for *_usd_mn),NSDL_FPI_archive,https://www.fpi.nsdl.co.in/web/Reports/Archive.aspx,2026-07-21T02:17:59
2026-05-08,-19.82,-2.09,447.32,INR_crore (USD mn for *_usd_mn),NSDL_FPI_archive,https://www.fpi.nsdl.co.in/web/Reports/Archive.aspx,2026-07-21T02:17:59
2026-05-11,-1381.03,-146.24,-1131.77,INR_crore (USD mn for *_usd_mn),NSDL_FPI_archive,https://www.fpi.nsdl.co.in/web/Reports/Archive.aspx,2026-07-21T02:18:00
2026-05-12,-7822.29,-821.64,-7545.99,INR_crore (USD mn for *_usd_mn),NSDL_FPI_archive,https://www.fpi.nsdl.co.in/web/Reports/Archive.aspx,2026-07-21T02:18:01
2026-05-13,-806.72,-84.42,346.37,INR_crore (USD mn for *_usd_mn),NSDL_FPI_archive,https://www.fpi.nsdl.co.in/web/Reports/Archive.aspx,2026-07-21T02:18:02
2026-05-14,-3918.6,-409.67,-3579.5,INR_crore (USD mn for *_usd_mn),NSDL_FPI_archive,https://www.fpi.nsdl.co.in/web/Reports/Archive.aspx,2026-07-21T02:18:03
2026-05-15,1111.53,116.09,-1830.0,INR_crore (USD mn for *_usd_mn),NSDL_FPI_archive,https://www.fpi.nsdl.co.in/web/Reports/Archive.aspx,2026-07-21T02:18:03
2026-05-18,2219.43,231.37,3225.24,INR_crore (USD mn for *_usd_mn),NSDL_FPI_archive,https://www.fpi.nsdl.co.in/web/Reports/Archive.aspx,2026-07-21T02:18:04
2026-05-19,2168.78,225.23,1376.14,INR_crore (USD mn for *_usd_mn),NSDL_FPI_archive,https://www.fpi.nsdl.co.in/web/Reports/Archive.aspx,2026-07-21T02:18:05
2026-05-20,-3644.35,-378.26,-2255.43,INR_crore (USD mn for *_usd_mn),NSDL_FPI_archive,https://www.fpi.nsdl.co.in/web/Reports/Archive.aspx,2026-07-21T02:18:06
2026-05-21,-2278.61,-235.29,-2495.35,INR_crore (USD mn for *_usd_mn),NSDL_FPI_archive,https://www.fpi.nsdl.co.in/web/Reports/Archive.aspx,2026-07-21T02:18:07
2026-05-22,-1791.08,-185.95,-1340.23,INR_crore (USD mn for *_usd_mn),NSDL_FPI_archive,https://www.fpi.nsdl.co.in/web/Reports/Archive.aspx,2026-07-21T02:18:08
2026-05-25,-5259.31,-548.08,-6176.8,INR_crore (USD mn for *_usd_mn),NSDL_FPI_archive,https://www.fpi.nsdl.co.in/web/Reports/Archive.aspx,2026-07-21T02:18:10
2026-05-26,2194.68,230.52,2564.2,INR_crore (USD mn for *_usd_mn),NSDL_FPI_archive,https://www.fpi.nsdl.co.in/web/Reports/Archive.aspx,2026-07-21T02:18:11
2026-05-27,-1029.89,-107.9,-1330.07,INR_crore (USD mn for *_usd_mn),NSDL_FPI_archive,https://www.fpi.nsdl.co.in/web/Reports/Archive.aspx,2026-07-21T02:18:12
2026-05-29,1505.22,157.14,502.06,INR_crore (USD mn for *_usd_mn),NSDL_FPI_archive,https://www.fpi.nsdl.co.in/web/Reports/Archive.aspx,2026-07-21T02:18:14
2026-06-01,-21949.48,-2301.16,-20043.15,INR_crore (USD mn for *_usd_mn),NSDL_FPI_archive,https://www.fpi.nsdl.co.in/web/Reports/Archive.aspx,2026-07-21T02:18:15
2026-06-02,-3826.74,-403.28,-4066.34,INR_crore (USD mn for *_usd_mn),NSDL_FPI_archive,https://www.fpi.nsdl.co.in/web/Reports/Archive.aspx,2026-07-21T02:18:16
2026-06-03,-8009.03,-841.55,-5395.89,INR_crore (USD mn for *_usd_mn),NSDL_FPI_archive,https://www.fpi.nsdl.co.in/web/Reports/Archive.aspx,2026-07-21T02:18:17
2026-06-04,-5066.38,-528.96,-5528.83,INR_crore (USD mn for *_usd_mn),NSDL_FPI_archive,https://www.fpi.nsdl.co.in/web/Reports/Archive.aspx,2026-07-21T02:18:18
2026-06-05,-4075.06,-425.63,-2709.42,INR_crore (USD mn for *_usd_mn),NSDL_FPI_archive,https://www.fpi.nsdl.co.in/web/Reports/Archive.aspx,2026-07-21T02:18:19
2026-06-08,-8318.98,-872.02,-3666.18,INR_crore (USD mn for *_usd_mn),NSDL_FPI_archive,https://www.fpi.nsdl.co.in/web/Reports/Archive.aspx,2026-07-21T02:18:19
2026-06-09,-5138.69,-537.41,-2005.64,INR_crore (USD mn for *_usd_mn),NSDL_FPI_archive,https://www.fpi.nsdl.co.in/web/Reports/Archive.aspx,2026-07-21T02:18:20
2026-06-10,-3885.57,-406.29,-1738.12,INR_crore (USD mn for *_usd_mn),NSDL_FPI_archive,https://www.fpi.nsdl.co.in/web/Reports/Archive.aspx,2026-07-21T02:18:21
2026-06-11,-1437.52,-151.03,-358.49,INR_crore (USD mn for *_usd_mn),NSDL_FPI_archive,https://www.fpi.nsdl.co.in/web/Reports/Archive.aspx,2026-07-21T02:18:22
2026-06-12,-1145.33,-119.65,1589.76,INR_crore (USD mn for *_usd_mn),NSDL_FPI_archive,https://www.fpi.nsdl.co.in/web/Reports/Archive.aspx,2026-07-21T02:18:23
2026-06-15,-596.85,-62.57,3173.11,INR_crore (USD mn for *_usd_mn),NSDL_FPI_archive,https://www.fpi.nsdl.co.in/web/Reports/Archive.aspx,2026-07-21T02:18:25
2026-06-16,1014.12,107.12,3340.27,INR_crore (USD mn for *_usd_mn),NSDL_FPI_archive,https://www.fpi.nsdl.co.in/web/Reports/Archive.aspx,2026-07-21T02:18:26
2026-06-17,2885.14,304.66,5136.32,INR_crore (USD mn for *_usd_mn),NSDL_FPI_archive,https://www.fpi.nsdl.co.in/web/Reports/Archive.aspx,2026-07-21T02:18:27
2026-06-18,886.08,93.89,2728.58,INR_crore (USD mn for *_usd_mn),NSDL_FPI_archive,https://www.fpi.nsdl.co.in/web/Reports/Archive.aspx,2026-07-21T02:18:30
2026-06-19,-1806.59,-191.62,-1566.66,INR_crore (USD mn for *_usd_mn),NSDL_FPI_archive,https://www.fpi.nsdl.co.in/web/Reports/Archive.aspx,2026-07-21T02:18:31
2026-06-22,5526.92,585.02,12978.61,INR_crore (USD mn for *_usd_mn),NSDL_FPI_archive,https://www.fpi.nsdl.co.in/web/Reports/Archive.aspx,2026-07-21T02:18:33
2026-06-23,332.34,35.17,1600.21,INR_crore (USD mn for *_usd_mn),NSDL_FPI_archive,https://www.fpi.nsdl.co.in/web/Reports/Archive.aspx,2026-07-21T02:18:34
2026-06-24,290.96,30.72,869.33,INR_crore (USD mn for *_usd_mn),NSDL_FPI_archive,https://www.fpi.nsdl.co.in/web/Reports/Archive.aspx,2026-07-21T02:18:35
2026-06-25,1298.21,137.09,10010.11,INR_crore (USD mn for *_usd_mn),NSDL_FPI_archive,https://www.fpi.nsdl.co.in/web/Reports/Archive.aspx,2026-07-21T02:18:37
2026-06-29,1566.4,165.79,5986.33,INR_crore (USD mn for *_usd_mn),NSDL_FPI_archive,https://www.fpi.nsdl.co.in/web/Reports/Archive.aspx,2026-07-21T02:18:38
2026-06-30,2115.6,224.23,4334.95,INR_crore (USD mn for *_usd_mn),NSDL_FPI_archive,https://www.fpi.nsdl.co.in/web/Reports/Archive.aspx,2026-07-21T02:18:40
2026-07-01,-1780.99,-188.27,552.98,INR_crore (USD mn for *_usd_mn),NSDL_FPI_archive,https://www.fpi.nsdl.co.in/web/Reports/Archive.aspx,2026-07-21T02:18:41
2026-07-02,140.22,14.8,2608.01,INR_crore (USD mn for *_usd_mn),NSDL_FPI_archive,https://www.fpi.nsdl.co.in/web/Reports/Archive.aspx,2026-07-21T02:18:41
2026-07-03,2348.96,246.55,3000.9,INR_crore (USD mn for *_usd_mn),NSDL_FPI_archive,https://www.fpi.nsdl.co.in/web/Reports/Archive.aspx,2026-07-21T02:18:42
2026-07-06,2276.32,239.01,2702.23,INR_crore (USD mn for *_usd_mn),NSDL_FPI_archive,https://www.fpi.nsdl.co.in/web/Reports/Archive.aspx,2026-07-21T02:18:43
2026-07-07,848.33,88.9,1949.32,INR_crore (USD mn for *_usd_mn),NSDL_FPI_archive,https://www.fpi.nsdl.co.in/web/Reports/Archive.aspx,2026-07-21T02:18:44
2026-07-08,1570.71,164.79,2773.54,INR_crore (USD mn for *_usd_mn),NSDL_FPI_archive,https://www.fpi.nsdl.co.in/web/Reports/Archive.aspx,2026-07-21T02:18:44
2026-07-09,9488.75,996.47,9311.79,INR_crore (USD mn for *_usd_mn),NSDL_FPI_archive,https://www.fpi.nsdl.co.in/web/Reports/Archive.aspx,2026-07-21T02:18:45
2026-07-10,265.06,27.79,1763.3,INR_crore (USD mn for *_usd_mn),NSDL_FPI_archive,https://www.fpi.nsdl.co.in/web/Reports/Archive.aspx,2026-07-21T02:18:46
2026-07-13,3157.06,331.23,3862.22,INR_crore (USD mn for *_usd_mn),NSDL_FPI_archive,https://www.fpi.nsdl.co.in/web/Reports/Archive.aspx,2026-07-21T02:18:47
2026-07-14,-2521.1,-263.07,-2972.72,INR_crore (USD mn for *_usd_mn),NSDL_FPI_archive,https://www.fpi.nsdl.co.in/web/Reports/Archive.aspx,2026-07-21T02:18:48
2026-07-15,-233.91,-24.34,51.97,INR_crore (USD mn for *_usd_mn),NSDL_FPI_archive,https://www.fpi.nsdl.co.in/web/Reports/Archive.aspx,2026-07-21T02:18:48
2026-07-16,-482.06,-50.09,-284.3,INR_crore (USD mn for *_usd_mn),NSDL_FPI_archive,https://www.fpi.nsdl.co.in/web/Reports/Archive.aspx,2026-08-01T14:43:48
2026-07-17,-3179.96,-330.15,-3301.35,INR_crore (USD mn for *_usd_mn),NSDL_FPI_archive,https://www.fpi.nsdl.co.in/web/Reports/Archive.aspx,2026-08-01T14:43:49
2026-07-20,-215.71,-22.39,5408.11,INR_crore (USD mn for *_usd_mn),NSDL_FPI_archive,https://www.fpi.nsdl.co.in/web/Reports/Archive.aspx,2026-08-01T14:43:50
2026-07-21,1928.03,199.77,2594.4,INR_crore (USD mn for *_usd_mn),NSDL_FPI_archive,https://www.fpi.nsdl.co.in/web/Reports/Archive.aspx,2026-08-01T14:43:51
2026-07-22,3617.34,375.81,14788.06,INR_crore (USD mn for *_usd_mn),NSDL_FPI_archive,https://www.fpi.nsdl.co.in/web/Reports/Archive.aspx,2026-08-01T14:43:53
2026-07-23,326.19,33.81,1657.41,INR_crore (USD mn for *_usd_mn),NSDL_FPI_archive,https://www.fpi.nsdl.co.in/web/Reports/Archive.aspx,2026-08-01T14:43:54
2026-07-24,-2607.28,-270.07,-4669.5,INR_crore (USD mn for *_usd_mn),NSDL_FPI_archive,https://www.fpi.nsdl.co.in/web/Reports/Archive.aspx,2026-08-01T14:43:56
2026-07-27,-3428.15,-355.1,-5425.73,INR_crore (USD mn for *_usd_mn),NSDL_FPI_archive,https://www.fpi.nsdl.co.in/web/Reports/Archive.aspx,2026-08-01T14:43:57
2026-07-28,-1341.29,-139.44,30.58,INR_crore (USD mn for *_usd_mn),NSDL_FPI_archive,https://www.fpi.nsdl.co.in/web/Reports/Archive.aspx,2026-08-01T14:43:59
2026-07-29,-563.65,-58.84,-1524.16,INR_crore (USD mn for *_usd_mn),NSDL_FPI_archive,https://www.fpi.nsdl.co.in/web/Reports/Archive.aspx,2026-08-01T14:44:00
2026-07-30,5799.19,605.87,5513.47,INR_crore (USD mn for *_usd_mn),NSDL_FPI_archive,https://www.fpi.nsdl.co.in/web/Reports/Archive.aspx,2026-08-01T14:44:02
2026-07-31,4787.78,500.12,-359.8,INR_crore (USD mn for *_usd_mn),NSDL_FPI_archive,https://www.fpi.nsdl.co.in/web/Reports/Archive.aspx,2026-08-01T14:44:03
